PassengerId,Survived,Pclass,Name,Sex,Age,SibSp,Parch,Ticket,Fare,Cabin,Embarked
1,1,3,"Synth0001, Mr. Passenger",female,4.9,1,0,TS774916,11.3378,,Q
2,0,2,"Synth0002, Miss. Passenger",male,20.2,3,0,TS142315,17.9683,,S
3,0,3,"Synth0003, Miss. Passenger",male,28.9,0,4,TS032447,13.9836,,S
4,0,3,"Synth0004, Mr. Passenger",female,41.1,0,0,TS487528,9.1553,,S
5,1,1,"Synth0005, Mr. Passenger",female,19.0,1,0,TS736059,104.6085,,S
6,0,3,"Synth0006, Miss. Passenger",male,50.5,0,0,TS511418,26.8695,,S
7,0,3,"Synth0007, Mr. Passenger",male,,1,0,TS162180,6.7405,,S
8,0,3,"Synth0008, Mr. Passenger",male,,0,0,TS773592,7.3955,,S
9,0,1,"Synth0009, Mr. Passenger",male,49.0,1,0,TS382338,65.9725,,S
10,0,3,"Synth0010, Mr. Passenger",male,31.7,0,0,TS710122,10.4495,,S
11,0,2,"Synth0011, Mrs. Passenger",male,21.8,0,1,TS202862,54.324,,S
12,0,3,"Synth0012, Mr. Passenger",male,27.0,0,0,TS912128,21.4517,,S
13,0,3,"Synth0013, Mrs. Passenger",male,46.6,0,0,TS284278,20.8449,F53,S
14,1,3,"Synth0014, Mr. Passenger",female,48.1,1,1,TS970888,11.3904,,S
15,1,2,"Synth0015, Miss. Passenger",female,,5,0,TS377878,17.3324,,S
16,0,1,"Synth0016, Mr. Passenger",male,28.4,0,0,TS728122,40.6486,,S
17,0,3,"Synth0017, Miss. Passenger",male,30.2,0,1,TS502554,19.2175,E142,C
18,0,1,"Synth0018, Miss. Passenger",male,16.2,0,0,TS077434,107.3768,,Q
19,0,3,"Synth0019, Mr. Passenger",male,,0,0,TS099172,24.7283,E127,S
20,0,3,"Synth0020, Mrs. Passenger",female,,0,0,TS405712,11.6994,,C
21,1,3,"Synth0021, Mr. Passenger",female,43.8,1,2,TS193836,12.1103,C83,S
22,1,2,"Synth0022, Miss. Passenger",female,,1,0,TS609192,21.7748,,S
23,0,3,"Synth0023, Mrs. Passenger",female,24.7,0,0,TS138812,20.3056,,S
24,0,3,"Synth0024, Mr. Passenger",female,26.2,0,3,TS590604,6.2329,,S
25,1,3,"Synth0025, Mr. Passenger",female,37.6,0,0,TS205642,18.7835,,S
26,0,1,"Synth0026, Mr. Passenger",male,21.4,0,0,TS182262,83.1436,E94,Q
27,0,3,"Synth0027, Miss. Passenger",male,36.7,0,0,TS367693,7.6571,F78,S
28,1,1,"Synth0028, Miss. Passenger",male,27.9,0,0,TS583361,29.6219,,S
29,1,1,"Synth0029, Mr. Passenger",male,16.4,0,0,TS400073,78.4593,,S
30,0,3,"Synth0030, Mr. Passenger",male,16.6,0,0,TS350330,26.8108,,S
31,0,3,"Synth0031, Mr. Passenger",female,,1,0,TS340885,30.0328,,S
32,0,3,"Synth0032, Mrs. Passenger",male,27.0,0,0,TS339587,15.5279,,S
33,0,2,"Synth0033, Mr. Passenger",male,50.3,0,0,TS404304,53.3426,,S
34,0,2,"Synth0034, Mr. Passenger",male,22.3,0,0,TS834172,19.5752,,C
35,0,3,"Synth0035, Miss. Passenger",male,32.8,1,0,TS578405,20.9387,B84,S
36,0,1,"Synth0036, Mr. Passenger",male,60.1,0,0,TS422510,67.0341,,S
37,1,1,"Synth0037, Miss. Passenger",female,15.3,0,0,TS749792,64.9435,E30,C
38,0,3,"Synth0038, Mr. Passenger",male,4.3,0,0,TS527868,9.2645,,S
39,0,1,"Synth0039, Mr. Passenger",female,45.7,0,0,TS949089,29.9807,B89,S
40,0,3,"Synth0040, Mrs. Passenger",male,18.3,0,0,TS563309,24.7418,,S
41,0,2,"Synth0041, Mr. Passenger",male,28.7,1,1,TS216787,14.5111,,S
42,0,3,"Synth0042, Mr. Passenger",male,21.4,0,0,TS563433,8.7079,,S
43,0,3,"Synth0043, Dr. Passenger",female,,0,1,TS773822,7.2064,F21,S
44,1,2,"Synth0044, Miss. Passenger",female,,0,0,TS213908,18.0573,,S
45,0,3,"Synth0045, Miss. Passenger",male,26.7,1,0,TS202994,31.3965,B65,S
46,1,3,"Synth0046, Mr. Passenger",female,34.8,1,0,TS599853,37.0341,,S
47,0,2,"Synth0047, Mr. Passenger",male,15.9,1,0,TS884601,8.7172,F102,S
48,1,2,"Synth0048, Mr. Passenger",female,19.9,0,0,TS335288,16.7518,,S
49,0,3,"Synth0049, Master. Passenger",male,,1,2,TS507327,7.7506,C123,S
50,0,1,"Synth0050, Miss. Passenger",male,10.4,1,0,TS655364,137.6874,,S
51,1,1,"Synth0051, Mr. Passenger",female,23.5,0,0,TS663857,96.9421,,S
52,1,1,"Synth0052, Master. Passenger",male,30.5,0,0,TS146551,61.1012,,Q
53,0,3,"Synth0053, Mr. Passenger",male,23.8,1,0,TS395808,13.4804,,S
54,0,3,"Synth0054, Mr. Passenger",male,25.5,0,1,TS994120,10.2394,,S
55,1,3,"Synth0055, Mr. Passenger",male,,0,0,TS888641,29.1389,,S
56,1,3,"Synth0056, Mr. Passenger",female,20.5,0,2,TS772270,17.0889,,S
57,0,3,"Synth0057, Master. Passenger",female,,0,0,TS025196,18.1716,A67,S
58,0,3,"Synth0058, Miss. Passenger",female,,0,2,TS417833,3.4263,,C
59,1,1,"Synth0059, Mr. Passenger",male,23.0,0,1,TS052113,81.2412,A114,S
60,0,1,"Synth0060, Mr. Passenger",male,35.3,1,2,TS302050,238.0361,,S
61,0,3,"Synth0061, Mrs. Passenger",male,25.9,0,0,TS865035,25.2295,,S
62,0,3,"Synth0062, Mr. Passenger",male,33.8,0,0,TS388413,5.1624,F133,C
63,0,3,"Synth0063, Mr. Passenger",male,49.4,0,0,TS169271,11.1143,,S
64,0,3,"Synth0064, Mrs. Passenger",female,35.6,0,0,TS721486,7.1291,,S
65,1,3,"Synth0065, Mr. Passenger",female,5.9,4,0,TS759270,30.5847,,S
66,0,3,"Synth0066, Mr. Passenger",female,34.9,0,0,TS655751,14.6888,,C
67,0,3,"Synth0067, Mr. Passenger",male,45.0,0,0,TS809201,8.8556,,S
68,0,2,"Synth0068, Master. Passenger",male,26.1,0,1,TS702389,20.3445,,Q
69,1,1,"Synth0069, Mr. Passenger",male,,4,0,TS635037,22.8085,A27,C
70,0,2,"Synth0070, Mrs. Passenger",male,,0,2,TS889109,11.6261,,S
71,0,1,"Synth0071, Mr. Passenger",male,9.7,1,0,TS324802,85.5447,,C
72,0,2,"Synth0072, Mrs. Passenger",male,30.8,0,0,TS456838,30.5257,,S
73,0,3,"Synth0073, Mr. Passenger",male,,0,1,TS563517,4.9248,,S
74,0,1,"Synth0074, Mr. Passenger",female,25.9,1,1,TS669850,69.4245,,S
75,1,1,"Synth0075, Miss. Passenger",male,45.7,0,0,TS476998,139.1649,B104,C
76,1,2,"Synth0076, Mrs. Passenger",female,4.2,0,2,TS442066,9.6795,,S
77,0,2,"Synth0077, Mr. Passenger",male,12.4,0,0,TS166157,22.4283,,S
78,0,3,"Synth0078, Mr. Passenger",male,15.6,1,1,TS638459,13.436,F72,S
79,0,3,"Synth0079, Master. Passenger",male,28.2,1,0,TS124511,30.6349,,S
80,0,3,"Synth0080, Mr. Passenger",male,24.2,1,0,TS475348,11.587,,C
81,0,3,"Synth0081, Mr. Passenger",male,,0,0,TS409573,11.9311,,S
82,0,2,"Synth0082, Mr. Passenger",male,41.4,1,0,TS776886,30.6678,,S
83,0,3,"Synth0083, Mr. Passenger",female,35.4,5,0,TS477084,6.6978,,C
84,0,1,"Synth0084, Mrs. Passenger",male,30.9,0,0,TS006254,75.2168,B100,C
85,0,1,"Synth0085, Mrs. Passenger",male,34.1,0,0,TS506508,66.8836,,S
86,1,1,"Synth0086, Mr. Passenger",male,17.8,1,2,TS216495,78.3637,,S
87,0,3,"Synth0087, Mrs. Passenger",male,40.1,0,0,TS380661,19.8688,,S
88,0,3,"Synth0088, Mr. Passenger",male,14.5,0,0,TS297140,17.1505,,S
89,0,1,"Synth0089, Miss. Passenger",male,39.9,1,0,TS167445,57.7703,,S
90,1,3,"Synth0090, Mr. Passenger",female,44.4,0,0,TS945448,13.9196,A30,S
91,0,1,"Synth0091, Mr. Passenger",female,31.7,0,0,TS254309,176.9802,,Q
92,0,3,"Synth0092, Mrs. Passenger",female,26.7,0,0,TS507538,8.5786,E49,S
93,0,2,"Synth0093, Mr. Passenger",male,,0,0,TS828304,21.5056,,C
94,0,2,"Synth0094, Mr. Passenger",male,0.4,1,0,TS364987,18.1587,,Q
95,1,2,"Synth0095, Mr. Passenger",female,,0,0,TS937353,19.3798,,S
96,0,3,"Synth0096, Mrs. Passenger",male,27.5,0,0,TS404907,5.7524,D69,S
97,0,2,"Synth0097, Mr. Passenger",male,28.3,1,1,TS946838,40.4924,,S
98,0,1,"Synth0098, Mrs. Passenger",male,,0,1,TS452370,57.0336,,C
99,1,1,"Synth0099, Miss. Passenger",female,,1,0,TS015412,140.3098,,S
100,0,3,"Synth0100, Mrs. Passenger",male,14.2,0,0,TS867961,9.5282,,S
101,1,3,"Synth0101, Mr. Passenger",female,27.2,0,0,TS864176,9.5086,E21,S
102,0,3,"Synth0102, Miss. Passenger",female,29.9,0,0,TS962372,23.8435,C88,C
103,0,2,"Synth0103, Mr. Passenger",male,30.5,0,0,TS124788,32.8738,,S
104,1,3,"Synth0104, Miss. Passenger",female,,1,2,TS844319,14.4296,,S
105,0,3,"Synth0105, Mrs. Passenger",male,42.5,1,0,TS342251,19.0206,,S
106,0,3,"Synth0106, Mr. Passenger",male,,4,0,TS841814,11.2534,,S
107,0,2,"Synth0107, Miss. Passenger",male,31.3,0,0,TS963552,19.9165,,Q
108,1,2,"Synth0108, Mr. Passenger",female,45.8,1,0,TS199815,14.3668,,Q
109,1,1,"Synth0109, Mr. Passenger",male,6.5,0,0,TS371856,132.0063,,C
110,0,3,"Synth0110, Mr. Passenger",male,31.3,2,0,TS269409,9.1912,,S
111,0,3,"Synth0111, Mrs. Passenger",male,,0,4,TS305330,27.3175,,S
112,1,1,"Synth0112, Mrs. Passenger",male,,1,0,TS596452,71.7293,,S
113,0,2,"Synth0113, Miss. Passenger",male,17.2,0,0,TS413048,20.2061,B4,S
114,0,3,"Synth0114, Mr. Passenger",male,26.8,0,0,TS656480,18.9976,,S
115,0,1,"Synth0115, Mrs. Passenger",male,52.9,1,0,TS674711,85.0083,,C
116,1,3,"Synth0116, Mrs. Passenger",female,12.6,0,1,TS203502,11.2009,,S
117,0,3,"Synth0117, Mrs. Passenger",male,13.8,0,2,TS044882,12.8063,,S
118,1,3,"Synth0118, Mr. Passenger",female,,3,1,TS746534,20.3251,,Q
119,0,2,"Synth0119, Mr. Passenger",male,,0,0,TS182408,14.358,,S
120,1,3,"Synth0120, Miss. Passenger",female,23.0,0,0,TS200763,12.2048,,S
121,0,3,"Synth0121, Mr. Passenger",male,28.7,0,0,TS601746,13.067,,C
122,0,3,"Synth0122, Mr. Passenger",male,23.8,0,0,TS263747,20.0302,B147,S
123,1,1,"Synth0123, Mr. Passenger",female,16.7,0,0,TS190553,79.9094,,S
124,0,2,"Synth0124, Mr. Passenger",male,25.9,2,0,TS307488,49.3966,,S
125,0,1,"Synth0125, Mr. Passenger",male,61.0,4,0,TS523104,77.6761,,C
126,1,3,"Synth0126, Mr. Passenger",female,47.1,0,1,TS846144,11.5433,,S
127,0,2,"Synth0127, Mrs. Passenger",female,17.9,1,0,TS988690,18.3608,C82,S
128,0,1,"Synth0128, Master. Passenger",male,37.4,0,2,TS732351,43.4885,,S
129,1,1,"Synth0129, Mr. Passenger",male,18.2,1,0,TS898969,50.0215,,S
130,1,3,"Synth0130, Mr. Passenger",female,5.9,0,0,TS531154,9.9704,,C
131,0,1,"Synth0131, Miss. Passenger",female,42.3,0,0,TS408919,148.225,,S
132,1,3,"Synth0132, Mr. Passenger",female,44.1,3,0,TS819928,12.7865,D146,S
133,0,3,"Synth0133, Dr. Passenger",male,42.6,1,0,TS303088,10.2024,,S
134,1,2,"Synth0134, Mr. Passenger",female,22.9,0,0,TS813114,36.9291,,S
135,0,3,"Synth0135, Mr. Passenger",male,26.8,0,0,TS998198,28.2343,A3,S
136,1,1,"Synth0136, Mr. Passenger",female,38.7,0,1,TS390442,157.3556,E117,S
137,0,3,"Synth0137, Mr. Passenger",male,34.1,0,0,TS633784,8.4859,F13,S
138,0,3,"Synth0138, Miss. Passenger",female,23.9,0,0,TS781655,10.1485,,S
139,0,3,"Synth0139, Mr. Passenger",male,8.0,0,0,TS783719,32.1952,,C
140,0,1,"Synth0140, Miss. Passenger",male,30.5,0,1,TS207036,94.7637,,Q
141,1,3,"Synth0141, Miss. Passenger",female,43.0,0,0,TS962640,11.3718,,S
142,0,3,"Synth0142, Miss. Passenger",male,13.4,0,0,TS503725,18.6179,,S
143,1,3,"Synth0143, Miss. Passenger",female,37.3,0,0,TS042746,21.5117,,S
144,1,3,"Synth0144, Mr. Passenger",male,33.3,2,0,TS119123,9.7691,,S
145,0,3,"Synth0145, Mr. Passenger",male,38.8,0,0,TS727868,14.5076,,S
146,0,2,"Synth0146, Miss. Passenger",male,40.3,1,0,TS427367,31.7856,,Q
147,1,2,"Synth0147, Mr. Passenger",male,20.0,0,3,TS108841,11.1964,,C
148,0,3,"Synth0148, Mr. Passenger",male,,0,0,TS520844,13.0805,,S
149,0,2,"Synth0149, Mr. Passenger",male,22.1,1,0,TS599944,11.4563,,Q
150,0,1,"Synth0150, Mr. Passenger",male,40.6,0,0,TS080838,51.3686,,S
151,0,3,"Synth0151, Miss. Passenger",female,22.0,0,0,TS350755,9.81,,S
152,0,3,"Synth0152, Mr. Passenger",female,20.0,0,0,TS463149,16.5025,,S
153,1,1,"Synth0153, Mrs. Passenger",female,5.3,0,0,TS780553,71.5077,,S
154,0,3,"Synth0154, Master. Passenger",male,51.8,0,0,TS652018,9.4003,,C
155,0,1,"Synth0155, Mr. Passenger",male,,0,0,TS087933,86.1934,,S
156,0,3,"Synth0156, Miss. Passenger",male,39.0,0,0,TS614473,7.3263,,S
157,1,2,"Synth0157, Mr. Passenger",female,41.6,0,2,TS902636,24.7824,F94,S
158,1,3,"Synth0158, Mr. Passenger",female,,0,0,TS055299,22.8887,,C
159,0,3,"Synth0159, Mr. Passenger",male,25.8,0,0,TS986648,12.4952,,S
160,1,3,"Synth0160, Mr. Passenger",female,26.9,1,2,TS096244,11.7473,,S
161,0,1,"Synth0161, Mr. Passenger",male,23.4,0,1,TS623040,101.2444,,S
162,0,3,"Synth0162, Mr. Passenger",male,63.3,0,0,TS352004,4.7148,,C
163,0,1,"Synth0163, Mr. Passenger",male,36.2,0,1,TS731060,109.8621,,S
164,0,1,"Synth0164, Mr. Passenger",male,,0,0,TS842842,396.1368,A13,S
165,1,3,"Synth0165, Mrs. Passenger",female,35.1,0,0,TS852006,12.2266,,C
166,0,2,"Synth0166, Mr. Passenger",female,15.9,0,1,TS869885,18.8435,,S
167,1,3,"Synth0167, Miss. Passenger",male,48.6,0,0,TS816434,18.8545,E141,S
168,0,3,"Synth0168, Miss. Passenger",male,20.4,5,0,TS310302,29.5953,,S
169,0,2,"Synth0169, Mrs. Passenger",female,35.5,2,0,TS465834,32.5643,,S
170,1,3,"Synth0170, Mrs. Passenger",female,42.9,0,0,TS719172,4.4244,,S
171,0,2,"Synth0171, Mrs. Passenger",male,34.0,0,0,TS169206,26.5076,,S
172,0,3,"Synth0172, Mrs. Passenger",male,30.2,0,2,TS577812,47.0361,,S
173,0,2,"Synth0173, Master. Passenger",male,,1,0,TS530681,27.3018,C140,S
174,0,3,"Synth0174, Master. Passenger",male,28.3,1,0,TS983437,7.2984,,S
175,1,1,"Synth0175, Mr. Passenger",female,21.5,0,0,TS050668,96.7114,,Q
176,1,1,"Synth0176, Mrs. Passenger",male,,0,0,TS095549,44.2773,C63,S
177,0,2,"Synth0177, Miss. Passenger",female,48.2,0,0,TS031070,37.045,,S
178,0,3,"Synth0178, Mr. Passenger",male,,1,3,TS548332,8.0608,F99,S
179,0,3,"Synth0179, Mr. Passenger",male,18.8,1,0,TS551215,13.4917,,S
180,1,3,"Synth0180, Mrs. Passenger",female,22.3,0,0,TS592944,8.466,,S
181,0,3,"Synth0181, Mrs. Passenger",male,43.3,0,0,TS242857,9.892,,S
182,0,3,"Synth0182, Mr. Passenger",male,37.8,0,0,TS308360,27.3311,,S
183,0,3,"Synth0183, Mr. Passenger",female,36.3,1,0,TS417444,13.6902,,S
184,1,2,"Synth0184, Mr. Passenger",female,25.7,2,0,TS047906,15.1217,D90,C
185,0,3,"Synth0185, Mr. Passenger",male,36.5,0,0,TS752724,7.3326,A16,C
186,0,3,"Synth0186, Miss. Passenger",male,20.6,0,0,TS053052,5.0993,F113,C
187,0,2,"Synth0187, Miss. Passenger",male,25.6,0,1,TS667228,10.6984,,S
188,0,1,"Synth0188, Mr. Passenger",male,41.6,0,0,TS454163,88.8364,,S
189,0,3,"Synth0189, Mr. Passenger",male,40.4,1,0,TS998822,21.2226,,S
190,0,2,"Synth0190, Miss. Passenger",male,16.2,0,0,TS692780,15.113,,C
191,0,3,"Synth0191, Mrs. Passenger",female,,1,0,TS476057,28.509,,Q
192,1,2,"Synth0192, Mr. Passenger",female,30.4,0,2,TS700474,13.971,,Q
193,1,1,"Synth0193, Mr. Passenger",female,51.4,0,0,TS118152,74.5754,,S
194,1,3,"Synth0194, Mr. Passenger",female,,0,0,TS181788,7.5773,,C
195,1,1,"Synth0195, Miss. Passenger",female,32.6,0,0,TS499453,137.8543,,S
196,0,1,"Synth0196, Mrs. Passenger",female,11.1,0,2,TS858113,239.7441,,C
197,0,3,"Synth0197, Mr. Passenger",female,20.8,0,0,TS820254,5.3873,,S
198,0,3,"Synth0198, Miss. Passenger",male,24.3,0,0,TS377784,10.9339,A137,S
199,0,1,"Synth0199, Mrs. Passenger",male,23.5,0,0,TS284384,158.0967,,S
200,0,2,"Synth0200, Miss. Passenger",male,22.1,0,0,TS964402,9.7013,,Q
201,0,3,"Synth0201, Mr. Passenger",male,,0,1,TS565859,17.2583,,S
202,0,3,"Synth0202, Mr. Passenger",male,22.0,1,0,TS119041,23.9432,,S
203,0,3,"Synth0203, Master. Passenger",male,10.0,2,0,TS225705,13.5186,,S
204,0,1,"Synth0204, Master. Passenger",male,39.1,0,0,TS836617,110.6031,F102,S
205,0,1,"Synth0205, Master. Passenger",male,38.8,1,1,TS898335,202.607,,Q
206,0,1,"Synth0206, Miss. Passenger",male,,1,0,TS908428,222.5229,,S
207,0,1,"Synth0207, Mr. Passenger",female,,5,0,TS007912,81.4373,,S
208,1,3,"Synth0208, Mr. Passenger",female,32.9,0,3,TS822852,9.9618,,C
209,1,1,"Synth0209, Mr. Passenger",male,37.8,0,0,TS112849,53.0284,B11,S
210,0,3,"Synth0210, Master. Passenger",male,15.6,0,1,TS809031,21.1879,B24,S
211,0,3,"Synth0211, Mr. Passenger",male,29.1,1,0,TS881612,6.5474,,S
212,1,3,"Synth0212, Miss. Passenger",female,27.5,1,0,TS361948,11.4577,D36,S
213,1,1,"Synth0213, Miss. Passenger",female,52.9,0,0,TS194423,88.4256,,S
214,0,3,"Synth0214, Master. Passenger",male,,0,0,TS713629,10.1092,,S
215,1,3,"Synth0215, Master. Passenger",female,7.4,1,0,TS069372,14.9522,B37,S
216,0,3,"Synth0216, Mr. Passenger",male,61.4,1,0,TS579766,46.8619,,C
217,0,1,"Synth0217, Mr. Passenger",male,,0,2,TS332237,79.045,E119,C
218,1,1,"Synth0218, Dr. Passenger",female,,0,0,TS425054,67.5666,,C
219,0,3,"Synth0219, Mr. Passenger",male,,0,0,TS825820,21.5983,,S
220,0,2,"Synth0220, Mr. Passenger",male,16.1,0,0,TS993117,22.5452,,S
221,0,2,"Synth0221, Master. Passenger",male,35.4,0,0,TS402785,41.075,D138,Q
222,0,3,"Synth0222, Mrs. Passenger",male,27.6,1,0,TS291163,14.1158,,C
223,1,3,"Synth0223, Mr. Passenger",female,36.2,3,1,TS834596,11.4815,A131,S
224,0,3,"Synth0224, Mr. Passenger",female,32.0,0,0,TS413730,5.3286,,S
225,0,2,"Synth0225, Mr. Passenger",male,,0,0,TS200649,8.8983,,S
226,0,3,"Synth0226, Master. Passenger",male,30.0,0,0,TS902957,5.1919,,S
227,1,1,"Synth0227, Mrs. Passenger",female,,0,0,TS991745,101.5434,,S
228,0,3,"Synth0228, Mr. Passenger",male,43.2,0,2,TS289718,6.5786,,S
229,1,3,"Synth0229, Mr. Passenger",female,36.5,0,0,TS158839,24.355,,Q
230,1,1,"Synth0230, Miss. Passenger",female,38.5,0,0,TS153528,85.28,,
231,1,1,"Synth0231, Miss. Passenger",male,20.4,0,0,TS599026,74.3455,,S
232,1,2,"Synth0232, Mr. Passenger",female,15.4,0,0,TS310689,13.1156,,S
233,0,3,"Synth0233, Mrs. Passenger",male,21.6,1,0,TS623480,17.7446,C93,C
234,0,3,"Synth0234, Mr. Passenger",male,20.9,0,2,TS759551,8.6946,,C
235,0,3,"Synth0235, Mr. Passenger",male,39.2,0,2,TS006693,7.9428,C5,S
236,1,3,"Synth0236, Mr. Passenger",male,41.7,1,0,TS859993,23.55,,S
237,0,3,"Synth0237, Mr. Passenger",female,,0,0,TS030136,15.522,E76,S
238,1,3,"Synth0238, Mr. Passenger",female,47.6,0,0,TS115330,11.5592,,C
239,1,1,"Synth0239, Mr. Passenger",female,46.8,0,0,TS725133,115.7616,,S
240,1,1,"Synth0240, Mr. Passenger",female,32.2,0,0,TS622090,84.376,,C
241,1,3,"Synth0241, Mr. Passenger",male,18.3,0,0,TS978481,15.7439,,S
242,0,3,"Synth0242, Mr. Passenger",male,49.5,0,0,TS567719,8.6411,,S
243,1,1,"Synth0243, Mrs. Passenger",female,28.2,0,0,TS417708,236.5161,,S
244,1,3,"Synth0244, Mr. Passenger",female,30.6,0,0,TS669128,9.7293,C6,S
245,0,3,"Synth0245, Mr. Passenger",male,24.6,0,0,TS762264,28.3027,,S
246,0,3,"Synth0246, Dr. Passenger",male,17.4,0,0,TS671384,11.8285,,S
247,0,3,"Synth0247, Mr. Passenger",male,9.9,0,0,TS371221,19.4627,F120,C
248,0,2,"Synth0248, Miss. Passenger",male,37.2,0,0,TS959507,28.8712,,S
249,1,2,"Synth0249, Mrs. Passenger",female,18.8,1,1,TS302311,35.4867,,Q
250,0,2,"Synth0250, Mrs. Passenger",male,68.8,0,0,TS347182,13.1368,A58,S
251,1,3,"Synth0251, Mr. Passenger",female,,0,0,TS278483,22.2595,A80,S
252,1,3,"Synth0252, Mr. Passenger",female,12.7,0,0,TS300466,32.726,A1,Q
253,1,3,"Synth0253, Miss. Passenger",female,35.6,0,0,TS213778,11.4227,D94,C
254,0,2,"Synth0254, Miss. Passenger",male,48.9,2,0,TS581643,20.3501,,S
255,0,1,"Synth0255, Mr. Passenger",male,29.8,0,0,TS729031,64.6568,,S
256,1,3,"Synth0256, Miss. Passenger",female,36.4,0,0,TS429988,10.9324,,S
257,0,3,"Synth0257, Mr. Passenger",female,5.0,1,0,TS922878,30.5896,A73,S
258,0,1,"Synth0258, Miss. Passenger",male,20.2,1,0,TS474280,50.8408,D12,S
259,1,1,"Synth0259, Miss. Passenger",female,15.0,1,1,TS467533,52.4446,,S
260,0,3,"Synth0260, Mr. Passenger",male,4.4,0,0,TS070207,29.0902,,S
261,1,1,"Synth0261, Miss. Passenger",female,30.5,0,0,TS903622,114.7885,,S
262,0,3,"Synth0262, Master. Passenger",male,0.4,0,0,TS149093,37.5298,,Q
263,0,2,"Synth0263, Miss. Passenger",male,11.8,0,0,TS165251,15.9668,A127,C
264,1,1,"Synth0264, Mr. Passenger",male,22.0,0,0,TS935438,89.4748,,C
265,0,3,"Synth0265, Miss. Passenger",male,18.2,1,0,TS520017,9.3428,,S
266,0,1,"Synth0266, Mrs. Passenger",male,34.2,0,0,TS069223,90.2395,A36,S
267,1,2,"Synth0267, Mr. Passenger",male,33.0,0,0,TS442361,8.2374,,S
268,0,1,"Synth0268, Miss. Passenger",male,40.6,0,0,TS590554,118.3083,,S
269,0,1,"Synth0269, Mr. Passenger",female,38.8,0,0,TS011079,98.7463,,S
270,1,1,"Synth0270, Miss. Passenger",male,43.8,0,0,TS754819,81.6172,,S
271,1,1,"Synth0271, Mrs. Passenger",female,29.0,1,0,TS668851,69.1055,,S
272,0,1,"Synth0272, Mr. Passenger",female,32.9,0,0,TS012851,53.7014,,S
273,0,1,"Synth0273, Master. Passenger",male,,0,1,TS618838,120.8649,,S
274,0,3,"Synth0274, Mr. Passenger",male,30.8,0,1,TS223525,7.2384,,S
275,0,3,"Synth0275, Mr. Passenger",female,,0,0,TS734684,16.7919,,S
276,1,2,"Synth0276, Mr. Passenger",female,24.7,0,0,TS377694,56.4276,,S
277,1,2,"Synth0277, Mr. Passenger",male,18.4,2,0,TS202940,42.0346,B78,Q
278,1,3,"Synth0278, Mrs. Passenger",female,34.5,0,0,TS507310,6.125,,S
279,0,3,"Synth0279, Mr. Passenger",male,27.8,0,0,TS443598,9.9401,,C
280,0,3,"Synth0280, Master. Passenger",male,20.4,4,0,TS342253,16.0495,F6,C
281,1,1,"Synth0281, Master. Passenger",female,20.4,0,0,TS878552,81.0994,,S
282,1,1,"Synth0282, Miss. Passenger",male,13.3,2,1,TS649349,41.7256,,S
283,1,1,"Synth0283, Mr. Passenger",female,41.7,0,0,TS487919,101.8473,F100,S
284,0,2,"Synth0284, Mrs. Passenger",male,30.0,0,0,TS227170,19.9001,,S
285,1,3,"Synth0285, Mr. Passenger",female,17.8,2,0,TS569114,33.8559,,S
286,0,2,"Synth0286, Miss. Passenger",male,,0,0,TS026457,17.6215,,C
287,0,1,"Synth0287, Mr. Passenger",male,,0,0,TS884870,150.6288,,Q
288,0,2,"Synth0288, Master. Passenger",male,10.7,0,2,TS002569,10.6142,,S
289,0,3,"Synth0289, Mr. Passenger",male,42.3,0,1,TS699141,7.7752,,S
290,1,1,"Synth0290, Mr. Passenger",female,,0,0,TS346166,120.4998,,S
291,0,3,"Synth0291, Dr. Passenger",male,23.7,0,0,TS719386,22.3497,F136,C
292,0,1,"Synth0292, Mr. Passenger",male,,1,0,TS362300,52.0456,,S
293,0,3,"Synth0293, Miss. Passenger",male,43.9,0,0,TS027125,13.1574,,S
294,0,1,"Synth0294, Miss. Passenger",male,29.3,0,0,TS948654,42.0991,,C
295,0,3,"Synth0295, Mr. Passenger",female,13.4,0,0,TS766225,11.8739,D93,S
296,0,3,"Synth0296, Mr. Passenger",male,36.1,0,0,TS045735,19.7551,,S
297,1,3,"Synth0297, Mr. Passenger",female,22.7,0,0,TS033843,10.4591,,S
298,1,3,"Synth0298, Miss. Passenger",male,53.5,0,0,TS530534,11.478,,S
299,1,3,"Synth0299, Master. Passenger",female,,0,2,TS956632,7.3894,,S
300,0,3,"Synth0300, Mr. Passenger",male,0.4,0,0,TS578234,9.4006,,S
301,0,3,"Synth0301, Miss. Passenger",male,33.6,0,1,TS011705,31.3121,E4,S
302,1,1,"Synth0302, Mr. Passenger",female,54.3,0,0,TS699575,87.1194,,C
303,0,3,"Synth0303, Mrs. Passenger",female,49.5,0,1,TS428345,7.8758,,S
304,1,3,"Synth0304, Miss. Passenger",female,,5,0,TS639095,11.1069,,Q
305,0,3,"Synth0305, Miss. Passenger",male,15.7,2,0,TS350981,5.8488,,S
306,0,3,"Synth0306, Mr. Passenger",male,40.9,0,0,TS009131,7.8293,,C
307,0,2,"Synth0307, Mr. Passenger",female,19.6,3,2,TS019335,39.4843,E77,S
308,0,3,"Synth0308, Mr. Passenger",male,31.9,1,0,TS632225,12.1061,,C
309,1,2,"Synth0309, Mr. Passenger",female,12.5,0,0,TS635534,51.4751,,S
310,0,1,"Synth0310, Mr. Passenger",male,20.6,1,0,TS323065,80.0893,,S
311,0,3,"Synth0311, Miss. Passenger",male,20.2,0,0,TS083215,12.7682,,S
312,1,2,"Synth0312, Mr. Passenger",female,,1,1,TS773095,27.5549,,S
313,0,1,"Synth0313, Mr. Passenger",female,,0,0,TS152088,22.0767,,Q
314,0,2,"Synth0314, Miss. Passenger",male,,0,0,TS189176,22.1581,,Q
315,1,2,"Synth0315, Mr. Passenger",male,11.4,0,0,TS452890,19.5161,A9,C
316,0,2,"Synth0316, Mr. Passenger",male,24.9,2,0,TS716488,42.0455,D67,S
317,1,2,"Synth0317, Master. Passenger",male,19.3,0,0,TS995127,32.3972,F92,C
318,0,3,"Synth0318, Mr. Passenger",male,40.3,0,0,TS625869,7.3751,D121,C
319,0,2,"Synth0319, Mr. Passenger",male,44.3,0,0,TS960430,37.2183,,S
320,1,3,"Synth0320, Mr. Passenger",female,42.7,0,1,TS652637,11.402,,S
321,0,3,"Synth0321, Mr. Passenger",female,19.2,1,2,TS848038,8.2707,,S
322,0,3,"Synth0322, Mr. Passenger",male,0.4,1,0,TS176771,14.3464,D66,S
323,0,2,"Synth0323, Mr. Passenger",male,6.0,0,0,TS057329,18.0717,,S
324,0,3,"Synth0324, Mr. Passenger",male,47.5,0,0,TS669504,28.0554,,C
325,0,3,"Synth0325, Miss. Passenger",male,23.8,0,1,TS975172,15.4138,,S
326,0,3,"Synth0326, Mr. Passenger",male,19.2,0,0,TS737240,14.4079,,S
327,0,3,"Synth0327, Mr. Passenger",male,50.4,1,0,TS343848,20.3947,,S
328,1,3,"Synth0328, Mr. Passenger",female,45.4,1,0,TS489920,22.4521,,C
329,0,3,"Synth0329, Master. Passenger",male,29.3,0,2,TS113097,19.2354,,Q
330,0,2,"Synth0330, Mr. Passenger",male,25.2,0,1,TS341024,40.6689,F98,C
331,0,3,"Synth0331, Miss. Passenger",male,27.3,0,0,TS683241,17.6245,,S
332,1,1,"Synth0332, Mr. Passenger",female,32.0,0,1,TS167388,91.3449,,S
333,1,3,"Synth0333, Master. Passenger",male,49.8,0,0,TS482135,24.1561,,S
334,0,3,"Synth0334, Mr. Passenger",male,34.5,1,0,TS290670,12.4224,,S
335,1,1,"Synth0335, Mr. Passenger",female,38.4,0,0,TS491320,85.408,,S
336,1,3,"Synth0336, Mr. Passenger",male,44.2,2,0,TS764063,30.7453,,S
337,1,1,"Synth0337, Mr. Passenger",male,13.8,0,0,TS884987,189.006,,S
338,1,3,"Synth0338, Miss. Passenger",female,38.8,0,2,TS409990,12.947,,S
339,0,1,"Synth0339, Mrs. Passenger",male,25.2,0,1,TS827347,66.9564,,C
340,1,3,"Synth0340, Mrs. Passenger",male,0.4,0,0,TS703009,27.0189,D14,S
341,0,1,"Synth0341, Mr. Passenger",male,1.3,0,0,TS921885,125.3395,,S
342,0,3,"Synth0342, Mrs. Passenger",male,,0,1,TS740350,15.222,,S
343,1,3,"Synth0343, Mr. Passenger",female,35.9,1,0,TS551262,11.0675,,S
344,0,3,"Synth0344, Dr. Passenger",male,30.5,0,3,TS674495,15.3451,,S
345,0,3,"Synth0345, Miss. Passenger",male,31.4,0,0,TS318338,12.8597,A101,S
346,0,3,"Synth0346, Mrs. Passenger",male,54.4,1,0,TS673864,9.3258,,S
347,0,3,"Synth0347, Miss. Passenger",male,,0,0,TS709167,13.8664,,S
348,1,2,"Synth0348, Mrs. Passenger",male,28.6,0,1,TS611196,22.8384,,S
349,0,3,"Synth0349, Mr. Passenger",male,33.0,0,4,TS103904,10.7752,A11,C
350,1,1,"Synth0350, Mr. Passenger",female,19.4,0,0,TS518903,131.9905,,C
351,0,3,"Synth0351, Mrs. Passenger",male,29.4,1,0,TS711170,24.7634,,S
352,0,1,"Synth0352, Mr. Passenger",male,8.2,1,1,TS198618,136.4237,,S
353,0,3,"Synth0353, Mr. Passenger",male,,0,0,TS787592,11.3229,,S
354,0,3,"Synth0354, Miss. Passenger",male,,0,0,TS842959,18.97,,S
355,0,3,"Synth0355, Mr. Passenger",male,,1,1,TS539185,13.5168,,S
356,0,3,"Synth0356, Mrs. Passenger",male,,1,1,TS964298,7.0082,,S
357,0,3,"Synth0357, Mr. Passenger",male,42.4,0,1,TS857974,18.198,,S
358,0,3,"Synth0358, Mr. Passenger",female,,1,0,TS467017,13.9854,,Q
359,0,3,"Synth0359, Miss. Passenger",female,28.6,0,0,TS884439,47.5472,,S
360,0,3,"Synth0360, Mr. Passenger",male,21.4,0,2,TS933304,26.9393,,C
361,0,3,"Synth0361, Mrs. Passenger",male,,0,0,TS109032,18.551,,S
362,0,1,"Synth0362, Mrs. Passenger",male,33.1,0,0,TS997995,95.145,,S
363,0,1,"Synth0363, Miss. Passenger",male,18.8,1,1,TS005969,91.1656,,Q
364,0,1,"Synth0364, Mr. Passenger",male,27.4,0,0,TS486709,50.8547,,S
365,1,3,"Synth0365, Miss. Passenger",female,21.1,0,2,TS938030,5.4491,,S
366,0,2,"Synth0366, Mr. Passenger",female,58.9,0,0,TS724630,12.9287,,Q
367,0,3,"Synth0367, Mr. Passenger",female,27.8,0,2,TS267505,12.6935,,S
368,0,3,"Synth0368, Mr. Passenger",male,,0,0,TS644145,4.5366,,S
369,1,2,"Synth0369, Mr. Passenger",female,26.5,0,0,TS215452,15.2346,,S
370,1,3,"Synth0370, Mr. Passenger",male,32.4,0,2,TS238027,11.4862,A111,S
371,0,3,"Synth0371, Mr. Passenger",male,11.8,0,0,TS911718,11.6725,,S
372,0,2,"Synth0372, Mr. Passenger",male,,1,0,TS048042,14.3661,,S
373,1,2,"Synth0373, Mrs. Passenger",female,31.7,0,0,TS962232,16.8605,,C
374,0,2,"Synth0374, Mr. Passenger",male,49.6,1,1,TS453901,47.3553,,S
375,1,1,"Synth0375, Mr. Passenger",female,,1,2,TS065689,116.9667,,S
376,0,1,"Synth0376, Mr. Passenger",male,47.0,0,0,TS787417,63.4763,,S
377,1,3,"Synth0377, Mr. Passenger",female,37.3,0,0,TS049191,12.5632,,S
378,1,2,"Synth0378, Mrs. Passenger",male,50.2,2,0,TS325809,19.7189,,Q
379,0,2,"Synth0379, Miss. Passenger",male,,0,2,TS241548,13.6229,,S
380,1,3,"Synth0380, Mr. Passenger",female,60.1,0,2,TS784653,8.8497,,S
381,0,3,"Synth0381, Mrs. Passenger",male,,0,2,TS397290,21.5465,,C
382,0,3,"Synth0382, Mr. Passenger",male,19.0,0,0,TS655146,10.5387,,C
383,0,3,"Synth0383, Master. Passenger",male,,0,0,TS073095,7.5203,,Q
384,0,3,"Synth0384, Mr. Passenger",male,59.3,1,0,TS695845,12.7226,C120,S
385,0,2,"Synth0385, Mr. Passenger",male,,0,0,TS711165,21.2156,,S
386,0,3,"Synth0386, Mr. Passenger",male,24.7,1,0,TS286454,4.8482,D101,S
387,0,3,"Synth0387, Mr. Passenger",male,,0,0,TS881396,12.7378,,S
388,1,3,"Synth0388, Miss. Passenger",female,,0,0,TS470576,20.0642,,C
389,0,1,"Synth0389, Mr. Passenger",male,54.6,0,0,TS667563,105.2598,,S
390,0,3,"Synth0390, Mr. Passenger",male,,0,0,TS182521,39.6403,,S
391,0,3,"Synth0391, Mr. Passenger",male,,0,0,TS932901,24.3007,,C
392,1,1,"Synth0392, Master. Passenger",male,23.0,0,0,TS247333,173.345,,Q
393,0,3,"Synth0393, Miss. Passenger",male,3.3,0,2,TS626487,52.7199,,S
394,1,3,"Synth0394, Miss. Passenger",female,,0,0,TS090760,18.9922,,Q
395,1,1,"Synth0395, Miss. Passenger",female,25.5,1,2,TS045689,91.1359,A102,S
396,0,3,"Synth0396, Miss. Passenger",male,38.6,0,0,TS127646,21.1538,,S
397,0,3,"Synth0397, Mr. Passenger",male,59.7,0,0,TS942847,9.8289,,S
398,0,2,"Synth0398, Mr. Passenger",male,24.4,0,0,TS211302,21.1064,,Q
399,0,3,"Synth0399, Mr. Passenger",male,,0,0,TS879690,9.4035,B27,C
400,0,2,"Synth0400, Mr. Passenger",male,30.5,1,0,TS580653,24.4035,C84,S
401,0,2,"Synth0401, Mrs. Passenger",female,41.8,0,0,TS089570,14.4368,A139,S
402,0,3,"Synth0402, Mr. Passenger",male,21.6,0,1,TS441769,9.221,B65,S
403,0,3,"Synth0403, Mr. Passenger",male,20.8,0,1,TS479790,15.9856,,S
404,1,1,"Synth0404, Mrs. Passenger",male,42.7,0,0,TS267672,78.4108,,C
405,0,3,"Synth0405, Mr. Passenger",male,33.9,0,0,TS604506,4.9589,,S
406,0,3,"Synth0406, Mr. Passenger",male,,0,0,TS861250,6.2787,E87,C
407,0,2,"Synth0407, Mr. Passenger",male,13.1,1,0,TS883848,11.2695,,S
408,0,3,"Synth0408, Mrs. Passenger",female,48.5,1,0,TS525622,8.36,,S
409,1,1,"Synth0409, Mr. Passenger",male,,0,0,TS893613,103.3404,C54,S
410,0,3,"Synth0410, Mr. Passenger",male,,1,0,TS923185,14.5039,C96,Q
411,0,3,"Synth0411, Mr. Passenger",male,26.8,0,0,TS088938,22.1445,B139,S
412,1,3,"Synth0412, Miss. Passenger",female,29.2,5,4,TS635329,18.9414,,S
413,0,1,"Synth0413, Mr. Passenger",male,,0,4,TS773507,143.5622,,S
414,0,3,"Synth0414, Mr. Passenger",female,11.3,0,0,TS016771,17.622,,C
415,1,1,"Synth0415, Miss. Passenger",female,18.1,0,1,TS603807,93.2847,,C
416,0,2,"Synth0416, Miss. Passenger",male,32.5,0,0,TS913561,34.6538,,C
417,1,1,"Synth0417, Mr. Passenger",female,27.7,1,0,TS268950,133.0232,,S
418,0,3,"Synth0418, Mr. Passenger",male,36.4,0,1,TS857605,15.6896,A43,C
419,1,1,"Synth0419, Mr. Passenger",female,,0,1,TS933957,158.5948,,S
420,0,3,"Synth0420, Mrs. Passenger",male,33.6,0,1,TS635635,4.0231,,S
421,0,3,"Synth0421, Mr. Passenger",female,,1,0,TS629866,11.2427,B65,S
422,1,1,"Synth0422, Master. Passenger",male,,1,1,TS535238,72.0904,,S
423,0,1,"Synth0423, Miss. Passenger",male,30.8,0,0,TS409611,149.4793,,Q
424,0,1,"Synth0424, Mrs. Passenger",male,27.8,0,0,TS453472,184.2907,,Q
425,0,3,"Synth0425, Mr. Passenger",female,,0,0,TS522863,6.2957,,S
426,0,3,"Synth0426, Miss. Passenger",male,28.1,1,1,TS482692,26.3254,,S
427,1,1,"Synth0427, Mrs. Passenger",male,,1,0,TS826227,46.7631,,C
428,1,3,"Synth0428, Miss. Passenger",female,27.5,0,0,TS769450,7.3474,,Q
429,0,1,"Synth0429, Mr. Passenger",female,17.4,1,2,TS348244,74.7145,C107,C
430,0,3,"Synth0430, Mrs. Passenger",male,22.6,0,0,TS513627,11.0878,,S
431,0,3,"Synth0431, Miss. Passenger",male,31.6,1,0,TS216021,5.964,F25,S
432,0,3,"Synth0432, Master. Passenger",male,,0,0,TS176848,17.9913,,C
433,0,3,"Synth0433, Mrs. Passenger",female,35.3,0,0,TS369477,18.2589,A108,C
434,0,3,"Synth0434, Mr. Passenger",male,35.8,0,1,TS059119,22.0204,,C
435,1,1,"Synth0435, Mr. Passenger",female,,0,0,TS854735,67.6325,,S
436,0,1,"Synth0436, Mrs. Passenger",male,47.5,2,0,TS127059,82.3539,C131,S
437,0,1,"Synth0437, Miss. Passenger",male,41.9,0,0,TS327223,82.7317,D110,S
438,0,3,"Synth0438, Mrs. Passenger",male,16.9,1,0,TS252189,30.2334,,C
439,0,3,"Synth0439, Mr. Passenger",male,17.3,1,1,TS207625,3.1513,,S
440,1,3,"Synth0440, Mr. Passenger",female,28.0,0,0,TS368366,8.0565,,S
441,0,3,"Synth0441, Mrs. Passenger",male,23.1,2,0,TS719539,13.0361,,C
442,1,1,"Synth0442, Miss. Passenger",male,14.2,0,0,TS892522,48.8147,C139,C
443,0,3,"Synth0443, Mr. Passenger",female,23.3,0,0,TS189543,11.4248,,S
444,1,1,"Synth0444, Mr. Passenger",female,22.8,0,0,TS239847,78.8683,,C
445,0,2,"Synth0445, Master. Passenger",female,20.3,0,0,TS470176,14.3951,,S
446,0,3,"Synth0446, Mr. Passenger",male,24.9,1,0,TS320278,13.4259,,S
447,1,3,"Synth0447, Mr. Passenger",male,44.3,0,1,TS800192,17.7969,,S
448,0,3,"Synth0448, Mr. Passenger",female,,0,0,TS223791,11.5515,,S
449,0,1,"Synth0449, Mr. Passenger",male,61.1,0,0,TS403001,66.9683,B98,Q
450,0,3,"Synth0450, Mr. Passenger",male,31.2,0,0,TS546195,11.966,,C
451,1,1,"Synth0451, Mrs. Passenger",female,25.2,1,0,TS382123,83.6883,,S
452,0,3,"Synth0452, Mrs. Passenger",male,29.1,0,0,TS617468,5.4455,,C
453,0,3,"Synth0453, Mrs. Passenger",male,32.3,1,1,TS799702,16.3745,,S
454,0,1,"Synth0454, Mrs. Passenger",female,34.7,0,0,TS532594,67.0418,E102,S
455,1,1,"Synth0455, Mr. Passenger",male,56.0,1,0,TS457379,157.8404,,C
456,0,1,"Synth0456, Mr. Passenger",male,,0,0,TS951903,112.8821,,S
457,0,3,"Synth0457, Mr. Passenger",male,40.2,0,0,TS981791,23.3357,,S
458,0,3,"Synth0458, Mr. Passenger",male,31.7,0,0,TS995381,7.8416,,S
459,0,3,"Synth0459, Miss. Passenger",male,8.6,0,0,TS017427,10.7969,,S
460,1,3,"Synth0460, Mr. Passenger",female,39.0,1,0,TS837557,6.9847,,Q
461,1,3,"Synth0461, Mrs. Passenger",female,45.5,0,1,TS898826,9.1372,,S
462,0,1,"Synth0462, Mr. Passenger",male,17.9,0,0,TS805490,157.098,,S
463,0,3,"Synth0463, Mr. Passenger",male,28.9,1,0,TS749807,27.3494,A84,S
464,1,2,"Synth0464, Mr. Passenger",female,6.6,0,0,TS366686,11.2646,,Q
465,0,3,"Synth0465, Mr. Passenger",male,12.6,0,0,TS726271,10.3378,F119,S
466,0,3,"Synth0466, Mrs. Passenger",male,42.6,4,0,TS580203,12.514,,S
467,0,3,"Synth0467, Miss. Passenger",male,22.9,0,0,TS831640,17.4223,,S
468,1,3,"Synth0468, Mr. Passenger",female,14.6,1,1,TS352120,5.3927,B117,S
469,0,1,"Synth0469, Mrs. Passenger",male,32.0,0,0,TS742874,37.6871,,S
470,0,3,"Synth0470, Miss. Passenger",female,22.2,1,0,TS784570,16.606,C122,S
471,0,2,"Synth0471, Mr. Passenger",male,22.9,0,0,TS834028,7.5475,,S
472,0,3,"Synth0472, Mr. Passenger",male,38.6,1,0,TS172659,10.3973,,S
473,0,1,"Synth0473, Mr. Passenger",male,13.9,0,0,TS863883,91.0913,,C
474,0,1,"Synth0474, Mr. Passenger",male,17.2,1,0,TS217454,103.4046,,S
475,0,2,"Synth0475, Miss. Passenger",male,31.0,0,0,TS937145,18.6319,,S
476,0,2,"Synth0476, Mr. Passenger",male,,4,0,TS039655,16.6574,,S
477,1,2,"Synth0477, Mr. Passenger",male,45.1,0,1,TS224377,30.5089,,S
478,0,3,"Synth0478, Miss. Passenger",male,,0,2,TS609330,14.9925,,C
479,0,3,"Synth0479, Mr. Passenger",male,41.2,1,0,TS543811,9.4069,E127,C
480,0,2,"Synth0480, Mrs. Passenger",male,18.8,0,0,TS688849,20.3808,,C
481,1,2,"Synth0481, Mr. Passenger",female,52.7,0,1,TS404159,24.2233,C74,S
482,1,1,"Synth0482, Mr. Passenger",male,14.3,1,4,TS004358,198.3306,,S
483,1,3,"Synth0483, Mr. Passenger",female,,0,1,TS618062,19.2616,,S
484,1,2,"Synth0484, Mr. Passenger",female,20.5,0,0,TS511274,36.7086,,Q
485,0,1,"Synth0485, Mr. Passenger",male,55.2,0,0,TS509163,61.8996,E74,S
486,1,2,"Synth0486, Mrs. Passenger",female,36.7,0,0,TS377497,15.3888,,Q
487,0,3,"Synth0487, Mrs. Passenger",female,,0,1,TS890627,11.5566,B30,S
488,0,1,"Synth0488, Miss. Passenger",male,,0,0,TS792587,78.1813,,S
489,0,3,"Synth0489, Mr. Passenger",male,39.2,0,0,TS182035,7.8533,,C
490,0,3,"Synth0490, Dr. Passenger",male,42.7,0,0,TS039851,24.4815,A8,S
491,0,3,"Synth0491, Mr. Passenger",male,28.1,0,0,TS182179,20.219,E125,S
492,0,3,"Synth0492, Miss. Passenger",male,,0,0,TS049517,11.1575,,S
493,0,3,"Synth0493, Miss. Passenger",female,38.9,0,0,TS709579,17.918,F118,Q
494,1,2,"Synth0494, Mrs. Passenger",female,30.7,0,0,TS620588,22.3579,,S
495,0,3,"Synth0495, Mr. Passenger",male,12.2,0,0,TS463522,18.6317,F24,Q
496,1,3,"Synth0496, Miss. Passenger",female,18.4,1,0,TS592046,6.6379,,S
497,0,2,"Synth0497, Miss. Passenger",male,32.1,0,0,TS808533,18.5952,,S
498,0,3,"Synth0498, Mr. Passenger",female,44.8,0,1,TS831258,12.6282,,S
499,0,2,"Synth0499, Miss. Passenger",male,50.0,0,0,TS435088,27.3182,B126,S
500,1,3,"Synth0500, Mr. Passenger",female,39.1,0,0,TS592674,9.4947,,Q
501,1,3,"Synth0501, Mr. Passenger",female,32.7,1,0,TS577342,3.7247,,Q
502,0,3,"Synth0502, Mrs. Passenger",male,,2,0,TS949420,7.5693,,Q
503,0,3,"Synth0503, Miss. Passenger",male,,2,0,TS761741,12.6092,,Q
504,1,3,"Synth0504, Mr. Passenger",female,,0,0,TS315069,13.422,,S
505,0,3,"Synth0505, Mr. Passenger",male,18.3,0,0,TS887054,30.1693,,S
506,0,3,"Synth0506, Mr. Passenger",male,12.8,0,0,TS398523,17.3974,,C
507,1,2,"Synth0507, Mr. Passenger",female,,0,0,TS757975,20.8321,,S
508,0,3,"Synth0508, Mr. Passenger",male,31.4,0,0,TS977696,12.7912,,C
509,0,3,"Synth0509, Mr. Passenger",male,37.9,0,0,TS809122,22.5795,,S
510,0,1,"Synth0510, Miss. Passenger",male,36.1,0,0,TS108416,62.5372,A94,S
511,0,1,"Synth0511, Mr. Passenger",male,32.2,2,0,TS206495,78.31,,S
512,1,3,"Synth0512, Mr. Passenger",female,36.2,0,0,TS796108,7.5407,,S
513,0,1,"Synth0513, Mr. Passenger",male,28.4,0,0,TS124223,170.7618,,S
514,1,2,"Synth0514, Mr. Passenger",male,34.4,1,1,TS012557,24.3366,,S
515,0,2,"Synth0515, Mr. Passenger",male,19.6,1,2,TS258831,14.0408,,
516,1,1,"Synth0516, Mr. Passenger",female,33.8,0,0,TS487026,79.3279,F60,S
517,1,2,"Synth0517, Mr. Passenger",male,37.7,0,0,TS129287,25.8047,,S
518,0,3,"Synth0518, Mr. Passenger",female,20.3,0,0,TS154248,11.4683,,S
519,0,1,"Synth0519, Mr. Passenger",female,,0,0,TS339541,64.3014,E12,S
520,0,3,"Synth0520, Miss. Passenger",female,20.9,0,1,TS599262,9.3728,,C
521,1,3,"Synth0521, Mr. Passenger",female,22.2,0,0,TS544887,15.401,,S
522,1,2,"Synth0522, Mr. Passenger",female,14.4,0,2,TS798371,16.7217,,S
523,1,1,"Synth0523, Mr. Passenger",female,45.5,0,0,TS980764,66.9495,,S
524,0,3,"Synth0524, Mr. Passenger",male,42.9,0,0,TS034009,6.6653,,S
525,1,1,"Synth0525, Mr. Passenger",female,36.0,1,1,TS688606,87.325,A147,S
526,0,2,"Synth0526, Mrs. Passenger",male,54.6,0,0,TS164608,18.2674,,S
527,0,3,"Synth0527, Mr. Passenger",male,26.5,0,1,TS361104,11.0687,,S
528,0,3,"Synth0528, Mr. Passenger",female,68.4,0,0,TS343267,14.3584,,S
529,0,3,"Synth0529, Mr. Passenger",female,26.0,1,1,TS701038,18.896,,S
530,1,2,"Synth0530, Mr. Passenger",female,32.3,0,0,TS256542,28.4036,,S
531,0,3,"Synth0531, Master. Passenger",male,23.8,1,0,TS894694,17.1383,,S
532,0,3,"Synth0532, Mr. Passenger",male,33.8,0,1,TS383836,11.5261,,S
533,0,2,"Synth0533, Mr. Passenger",male,39.9,0,0,TS815262,15.0629,F143,S
534,0,3,"Synth0534, Mr. Passenger",male,27.5,0,0,TS951915,7.7137,,C
535,1,1,"Synth0535, Mr. Passenger",male,52.1,0,1,TS511130,62.442,,S
536,0,1,"Synth0536, Mr. Passenger",male,32.1,1,0,TS102104,84.8294,,S
537,0,3,"Synth0537, Mr. Passenger",male,32.5,0,1,TS701707,8.7741,,S
538,0,1,"Synth0538, Mr. Passenger",female,17.2,0,0,TS423858,88.1329,,S
539,1,1,"Synth0539, Mr. Passenger",male,,0,0,TS339012,51.8362,,S
540,1,3,"Synth0540, Mrs. Passenger",female,27.3,0,0,TS457633,5.6658,,C
541,0,3,"Synth0541, Mr. Passenger",male,21.1,0,0,TS300490,19.5828,F17,C
542,0,3,"Synth0542, Mr. Passenger",male,18.9,0,2,TS281061,10.2548,,S
543,0,3,"Synth0543, Miss. Passenger",male,63.7,2,0,TS989658,8.5543,,S
544,0,3,"Synth0544, Mr. Passenger",male,25.6,1,0,TS279227,7.5235,,C
545,1,1,"Synth0545, Master. Passenger",female,10.1,1,0,TS459175,103.7864,,S
546,0,2,"Synth0546, Master. Passenger",male,19.9,0,0,TS715036,39.7729,,S
547,0,2,"Synth0547, Mr. Passenger",male,28.3,0,0,TS221719,16.3495,,C
548,1,1,"Synth0548, Mr. Passenger",female,36.1,0,1,TS618225,75.4172,F18,S
549,1,3,"Synth0549, Miss. Passenger",female,,0,1,TS895623,22.2149,E60,S
550,0,2,"Synth0550, Mr. Passenger",male,37.8,0,1,TS813018,8.089,A80,S
551,0,3,"Synth0551, Mr. Passenger",male,20.6,0,0,TS029537,34.7571,,S
552,1,1,"Synth0552, Mr. Passenger",male,33.4,0,0,TS405667,285.1077,,S
553,0,1,"Synth0553, Mr. Passenger",male,17.6,0,0,TS001269,21.7073,,S
554,0,3,"Synth0554, Miss. Passenger",male,20.9,1,0,TS607103,12.3814,,S
555,0,1,"Synth0555, Mrs. Passenger",male,17.1,0,0,TS325822,58.6357,,S
556,1,1,"Synth0556, Miss. Passenger",female,,0,0,TS893693,73.5842,E133,S
557,0,2,"Synth0557, Miss. Passenger",male,42.8,0,0,TS176360,16.2248,,C
558,0,3,"Synth0558, Mrs. Passenger",male,38.0,0,1,TS851476,19.5081,,S
559,0,3,"Synth0559, Mr. Passenger",male,41.7,1,1,TS342952,12.2885,,C
560,1,3,"Synth0560, Dr. Passenger",female,,0,1,TS920102,8.2441,,S
561,0,1,"Synth0561, Master. Passenger",male,39.1,1,0,TS200389,77.0708,,S
562,1,2,"Synth0562, Miss. Passenger",female,6.1,1,4,TS269705,25.871,,S
563,0,3,"Synth0563, Miss. Passenger",female,40.2,0,0,TS351686,7.1929,,S
564,0,3,"Synth0564, Mr. Passenger",male,31.3,0,0,TS985434,5.7078,,S
565,0,3,"Synth0565, Mr. Passenger",male,37.2,0,0,TS734204,35.2097,D127,C
566,0,3,"Synth0566, Miss. Passenger",male,33.9,0,0,TS816572,9.4285,,Q
567,0,3,"Synth0567, Mr. Passenger",male,16.2,0,0,TS553355,12.1372,,C
568,1,1,"Synth0568, Mr. Passenger",female,9.5,5,0,TS795012,68.8492,,S
569,1,2,"Synth0569, Mr. Passenger",male,,0,0,TS627248,26.3054,,S
570,0,3,"Synth0570, Mrs. Passenger",female,36.3,1,0,TS667910,31.5428,,S
571,0,2,"Synth0571, Mr. Passenger",male,,0,1,TS837382,26.7277,,S
572,0,3,"Synth0572, Mr. Passenger",male,11.2,4,0,TS983283,6.0846,,C
573,0,3,"Synth0573, Mr. Passenger",male,16.2,0,0,TS576247,6.5071,,C
574,0,3,"Synth0574, Mr. Passenger",female,19.6,0,0,TS442121,10.649,,S
575,1,3,"Synth0575, Mr. Passenger",female,24.4,0,1,TS653477,11.3683,,C
576,0,3,"Synth0576, Mr. Passenger",male,11.3,0,0,TS741797,5.4957,,C
577,0,3,"Synth0577, Mrs. Passenger",male,10.5,1,0,TS986349,19.5822,C9,S
578,1,3,"Synth0578, Mr. Passenger",female,18.3,0,0,TS699111,7.5518,,C
579,0,3,"Synth0579, Mr. Passenger",male,30.1,0,0,TS954595,27.429,,S
580,1,2,"Synth0580, Mr. Passenger",female,,0,0,TS732356,49.7022,,S
581,0,3,"Synth0581, Mr. Passenger",male,27.5,0,0,TS951722,11.4825,,S
582,0,3,"Synth0582, Miss. Passenger",male,42.8,0,0,TS751712,16.1907,,S
583,0,1,"Synth0583, Mr. Passenger",male,12.1,0,0,TS885062,45.3696,,S
584,0,2,"Synth0584, Mr. Passenger",male,26.3,0,0,TS191564,27.3187,,Q
585,0,3,"Synth0585, Mrs. Passenger",male,42.3,0,0,TS992559,10.1336,D63,S
586,0,3,"Synth0586, Mr. Passenger",male,23.6,0,0,TS349702,7.5484,,S
587,1,1,"Synth0587, Miss. Passenger",female,21.5,2,0,TS797784,72.686,F23,S
588,0,2,"Synth0588, Master. Passenger",male,44.1,0,0,TS392861,15.8451,E47,S
589,0,1,"Synth0589, Mrs. Passenger",male,25.0,0,0,TS458562,71.3957,,C
590,0,1,"Synth0590, Master. Passenger",male,43.4,0,0,TS748251,135.0516,,S
591,0,3,"Synth0591, Mr. Passenger",male,34.6,0,0,TS541073,8.7784,,Q
592,0,2,"Synth0592, Mr. Passenger",male,24.5,0,0,TS716531,47.6196,B90,S
593,0,2,"Synth0593, Mr. Passenger",male,35.2,0,0,TS079959,10.3109,,S
594,0,3,"Synth0594, Mr. Passenger",male,33.2,0,0,TS833532,29.1561,,S
595,0,1,"Synth0595, Mr. Passenger",male,,0,0,TS409045,50.5297,,S
596,1,2,"Synth0596, Mr. Passenger",female,21.9,0,0,TS788729,19.9899,F1,Q
597,0,3,"Synth0597, Mr. Passenger",male,29.5,4,0,TS286242,10.1742,,S
598,0,3,"Synth0598, Mr. Passenger",female,28.2,0,1,TS596437,10.9472,,S
599,0,3,"Synth0599, Mrs. Passenger",male,38.2,0,0,TS588674,19.4069,,S
600,0,3,"Synth0600, Mr. Passenger",male,,0,0,TS140808,27.5186,,C
601,1,3,"Synth0601, Mr. Passenger",female,,0,1,TS474735,23.5756,C19,S
602,1,3,"Synth0602, Mr. Passenger",male,,1,0,TS635819,10.6177,F63,S
603,1,3,"Synth0603, Mrs. Passenger",female,11.9,0,0,TS836324,14.2546,,C
604,0,3,"Synth0604, Mr. Passenger",male,,0,0,TS887171,8.7926,,S
605,0,3,"Synth0605, Miss. Passenger",male,58.0,0,4,TS385130,7.9183,E136,S
606,1,3,"Synth0606, Mr. Passenger",female,42.0,0,2,TS643530,7.3287,,S
607,0,3,"Synth0607, Mr. Passenger",male,47.6,2,0,TS175505,10.4454,,S
608,1,1,"Synth0608, Master. Passenger",male,30.1,0,0,TS895729,95.1657,,Q
609,1,3,"Synth0609, Mr. Passenger",female,7.4,1,0,TS868209,4.998,,S
610,0,2,"Synth0610, Mr. Passenger",female,,0,0,TS999052,19.5418,A85,C
611,1,3,"Synth0611, Mr. Passenger",female,32.3,2,0,TS486758,27.7424,,S
612,1,3,"Synth0612, Mr. Passenger",male,,0,0,TS359842,22.7805,,S
613,0,3,"Synth0613, Mr. Passenger",male,,0,0,TS758097,9.7022,,S
614,0,3,"Synth0614, Mr. Passenger",female,28.2,1,1,TS723565,6.4657,,S
615,0,2,"Synth0615, Mr. Passenger",male,37.0,0,0,TS212837,25.1699,E127,S
616,1,3,"Synth0616, Miss. Passenger",female,,0,0,TS540418,4.0806,,S
617,0,3,"Synth0617, Mr. Passenger",male,23.2,5,0,TS644156,22.647,,S
618,0,2,"Synth0618, Mr. Passenger",male,48.6,0,0,TS455516,17.9742,,C
619,1,1,"Synth0619, Miss. Passenger",female,15.0,1,0,TS371807,209.8655,,S
620,0,1,"Synth0620, Mr. Passenger",male,,0,2,TS240626,35.422,,C
621,0,3,"Synth0621, Miss. Passenger",male,,1,0,TS412164,20.5739,,S
622,0,3,"Synth0622, Mr. Passenger",male,36.1,1,0,TS246668,12.3628,,S
623,0,3,"Synth0623, Mrs. Passenger",female,43.3,0,0,TS301108,11.0168,E39,S
624,1,3,"Synth0624, Miss. Passenger",female,38.6,0,2,TS185787,6.5537,,C
625,0,3,"Synth0625, Mr. Passenger",male,40.8,0,2,TS376980,17.5109,,S
626,0,2,"Synth0626, Miss. Passenger",male,14.0,0,0,TS631851,28.0447,,S
627,1,3,"Synth0627, Mrs. Passenger",female,,1,0,TS378277,31.738,,S
628,0,1,"Synth0628, Miss. Passenger",male,17.9,0,0,TS142910,139.0512,,S
629,0,3,"Synth0629, Mr. Passenger",male,,0,1,TS801322,9.6601,E2,C
630,0,3,"Synth0630, Mr. Passenger",male,32.4,0,1,TS431954,7.8697,D9,S
631,0,3,"Synth0631, Mr. Passenger",male,,0,1,TS584232,6.5581,,Q
632,1,3,"Synth0632, Master. Passenger",female,33.4,1,0,TS523809,27.155,A125,S
633,1,1,"Synth0633, Mr. Passenger",female,18.0,0,0,TS506776,56.9247,,S
634,1,2,"Synth0634, Mr. Passenger",female,,0,0,TS438795,41.9235,,S
635,1,1,"Synth0635, Miss. Passenger",male,,1,0,TS755906,109.2188,,S
636,0,1,"Synth0636, Mr. Passenger",male,31.4,2,0,TS855073,99.0642,,S
637,0,3,"Synth0637, Mrs. Passenger",male,,0,0,TS903982,11.1508,,S
638,0,3,"Synth0638, Mr. Passenger",male,28.4,2,0,TS443725,18.0887,B46,S
639,0,3,"Synth0639, Mrs. Passenger",male,10.7,0,1,TS341570,12.8998,,S
640,0,3,"Synth0640, Mr. Passenger",male,41.6,1,1,TS083749,10.8086,,S
641,0,3,"Synth0641, Mr. Passenger",male,,0,1,TS443282,18.4111,,Q
642,0,3,"Synth0642, Mr. Passenger",male,33.4,0,1,TS992206,12.0971,F10,S
643,0,1,"Synth0643, Mr. Passenger",female,20.6,0,0,TS260991,56.3538,,S
644,0,1,"Synth0644, Mr. Passenger",male,50.4,0,0,TS845137,113.3783,F41,S
645,0,3,"Synth0645, Mr. Passenger",male,,0,0,TS756865,12.5907,C37,S
646,0,3,"Synth0646, Mrs. Passenger",female,24.6,0,0,TS660382,16.6,,S
647,1,1,"Synth0647, Mr. Passenger",female,30.4,0,0,TS565708,66.946,,Q
648,0,3,"Synth0648, Mr. Passenger",female,,0,0,TS756566,7.1021,,S
649,0,3,"Synth0649, Mr. Passenger",male,,0,1,TS099312,30.9535,B139,C
650,1,1,"Synth0650, Mr. Passenger",female,50.0,0,0,TS129062,182.0211,,S
651,0,2,"Synth0651, Mrs. Passenger",male,22.6,2,2,TS196513,31.113,,C
652,0,3,"Synth0652, Mr. Passenger",male,34.1,3,3,TS766148,10.7086,,S
653,0,3,"Synth0653, Miss. Passenger",male,0.4,0,2,TS432626,11.1874,,Q
654,0,1,"Synth0654, Mrs. Passenger",male,28.5,0,0,TS208540,167.6671,F118,S
655,0,3,"Synth0655, Miss. Passenger",male,24.9,0,1,TS045839,10.8921,,S
656,0,2,"Synth0656, Mrs. Passenger",male,18.4,0,1,TS489486,14.5771,,S
657,1,3,"Synth0657, Mr. Passenger",female,43.1,1,1,TS399256,33.1508,,S
658,0,2,"Synth0658, Master. Passenger",male,24.8,0,0,TS178804,19.5289,,S
659,0,3,"Synth0659, Miss. Passenger",male,26.7,0,0,TS024267,31.474,B12,S
660,0,2,"Synth0660, Mr. Passenger",male,24.1,0,2,TS754030,9.9397,,S
661,0,2,"Synth0661, Mr. Passenger",male,,0,0,TS779551,25.9151,F87,C
662,0,3,"Synth0662, Mr. Passenger",male,,1,0,TS246687,36.6162,,S
663,0,1,"Synth0663, Mrs. Passenger",male,41.5,0,0,TS494207,85.2589,,C
664,0,1,"Synth0664, Mr. Passenger",male,1.6,0,0,TS253954,73.6125,F65,S
665,1,2,"Synth0665, Mrs. Passenger",female,,0,0,TS409462,11.1546,,S
666,1,3,"Synth0666, Mr. Passenger",female,,2,4,TS110113,22.3342,,S
667,0,3,"Synth0667, Mr. Passenger",male,51.7,0,1,TS946313,8.8453,,S
668,0,3,"Synth0668, Mr. Passenger",male,39.0,1,2,TS720885,12.3981,,S
669,1,2,"Synth0669, Mr. Passenger",female,,1,0,TS901163,10.7885,B97,S
670,0,2,"Synth0670, Mr. Passenger",female,,0,0,TS296548,43.5618,A43,S
671,0,1,"Synth0671, Miss. Passenger",male,19.4,1,0,TS873024,149.644,,S
672,0,3,"Synth0672, Mr. Passenger",female,42.1,0,0,TS518761,12.7963,,S
673,0,3,"Synth0673, Master. Passenger",female,11.3,0,0,TS198935,7.3,,S
674,1,3,"Synth0674, Miss. Passenger",female,43.0,0,1,TS332910,28.0196,A19,C
675,0,3,"Synth0675, Miss. Passenger",male,23.7,0,4,TS811711,10.8264,,S
676,1,2,"Synth0676, Mr. Passenger",male,15.6,0,0,TS774925,11.509,F146,S
677,0,3,"Synth0677, Miss. Passenger",male,26.2,0,0,TS720512,5.3865,,S
678,0,3,"Synth0678, Master. Passenger",male,32.6,0,0,TS227256,9.4118,,C
679,0,1,"Synth0679, Mrs. Passenger",male,22.6,0,0,TS648114,40.589,,S
680,0,2,"Synth0680, Mr. Passenger",male,36.2,0,0,TS940892,14.6483,,S
681,1,1,"Synth0681, Mrs. Passenger",male,21.4,0,0,TS049707,121.8781,,C
682,0,1,"Synth0682, Mr. Passenger",male,37.1,0,0,TS322018,69.6245,,C
683,1,1,"Synth0683, Mr. Passenger",female,34.7,5,0,TS081271,100.3499,,S
684,0,3,"Synth0684, Mrs. Passenger",male,28.2,2,1,TS104747,9.0547,,S
685,0,3,"Synth0685, Miss. Passenger",male,23.3,0,0,TS997802,13.4306,,S
686,1,2,"Synth0686, Mr. Passenger",female,31.0,0,0,TS241064,52.2575,,S
687,1,2,"Synth0687, Mr. Passenger",female,36.2,0,0,TS180193,16.8019,F124,C
688,1,3,"Synth0688, Miss. Passenger",female,55.8,1,0,TS074866,15.7551,,S
689,1,3,"Synth0689, Mr. Passenger",female,,0,0,TS981024,5.9428,C20,S
690,0,3,"Synth0690, Mr. Passenger",female,41.7,1,1,TS469269,27.7991,A36,S
691,0,2,"Synth0691, Mrs. Passenger",male,69.2,0,1,TS791584,15.7545,,S
692,0,3,"Synth0692, Miss. Passenger",male,35.7,0,0,TS251000,21.9818,,S
693,0,1,"Synth0693, Mr. Passenger",male,35.3,1,0,TS641265,78.9825,D132,S
694,1,2,"Synth0694, Mr. Passenger",male,,0,0,TS886159,27.1539,,S
695,1,3,"Synth0695, Mr. Passenger",female,15.9,1,0,TS671461,18.1824,D48,S
696,0,3,"Synth0696, Mr. Passenger",male,23.2,0,0,TS517610,10.3681,,S
697,0,3,"Synth0697, Miss. Passenger",male,,0,1,TS211327,22.4413,,S
698,0,3,"Synth0698, Miss. Passenger",male,37.4,0,0,TS234134,8.8947,,S
699,0,3,"Synth0699, Mr. Passenger",male,,0,0,TS597256,19.1809,,S
700,0,2,"Synth0700, Mr. Passenger",male,30.8,0,0,TS451818,16.455,D94,C
701,1,2,"Synth0701, Mr. Passenger",male,43.1,0,0,TS047400,23.8197,,Q
702,1,2,"Synth0702, Mr. Passenger",female,40.2,0,2,TS196798,15.8748,B144,Q
703,0,1,"Synth0703, Mr. Passenger",male,26.9,0,0,TS432582,86.1254,,S
704,1,3,"Synth0704, Mr. Passenger",female,,0,0,TS179550,7.5959,,S
705,0,2,"Synth0705, Miss. Passenger",female,,0,0,TS554388,22.6353,A78,S
706,0,3,"Synth0706, Mr. Passenger",male,,0,1,TS301355,13.2904,,S
707,0,3,"Synth0707, Mrs. Passenger",male,8.1,0,0,TS292231,9.9232,,S
708,0,3,"Synth0708, Mr. Passenger",female,24.9,1,0,TS109193,12.6472,D109,S
709,0,2,"Synth0709, Miss. Passenger",male,31.2,0,0,TS503724,21.386,E36,S
710,1,3,"Synth0710, Master. Passenger",female,39.1,0,0,TS189458,9.5522,,S
711,0,3,"Synth0711, Mr. Passenger",male,40.8,1,1,TS630771,12.1894,,S
712,0,3,"Synth0712, Mr. Passenger",female,32.7,0,0,TS938107,7.863,F73,S
713,0,3,"Synth0713, Miss. Passenger",female,36.6,0,0,TS912321,42.0061,,S
714,0,3,"Synth0714, Mr. Passenger",male,29.8,1,0,TS667135,22.0764,,Q
715,0,3,"Synth0715, Mr. Passenger",male,20.2,0,0,TS807642,14.902,,S
716,1,1,"Synth0716, Mr. Passenger",female,25.6,0,0,TS921180,150.9386,,S
717,0,3,"Synth0717, Miss. Passenger",male,29.2,1,1,TS682075,4.8323,F43,S
718,0,1,"Synth0718, Mr. Passenger",male,,3,0,TS257589,23.3822,,S
719,1,3,"Synth0719, Mr. Passenger",male,,0,0,TS501332,10.6473,A67,S
720,0,3,"Synth0720, Mr. Passenger",male,23.8,0,0,TS857155,6.5252,,S
721,0,3,"Synth0721, Mrs. Passenger",female,29.7,1,0,TS668316,11.5496,,Q
722,0,2,"Synth0722, Mr. Passenger",female,25.3,0,0,TS362910,22.166,,S
723,0,1,"Synth0723, Miss. Passenger",male,25.8,0,0,TS169244,133.0898,,S
724,1,3,"Synth0724, Miss. Passenger",female,35.3,0,0,TS145050,7.3582,B142,S
725,0,1,"Synth0725, Mr. Passenger",male,15.0,0,0,TS377649,102.5789,,Q
726,0,1,"Synth0726, Mr. Passenger",male,7.8,0,3,TS804901,84.6065,A59,S
727,0,2,"Synth0727, Miss. Passenger",male,24.5,0,0,TS553046,23.7953,,Q
728,1,1,"Synth0728, Miss. Passenger",female,,0,0,TS060590,64.7757,,S
729,0,3,"Synth0729, Mr. Passenger",male,50.9,0,0,TS918516,25.959,,S
730,0,3,"Synth0730, Mr. Passenger",male,39.2,2,0,TS405447,12.3443,C129,C
731,1,2,"Synth0731, Mr. Passenger",male,9.9,0,0,TS391199,48.5611,,S
732,1,1,"Synth0732, Mr. Passenger",female,26.0,0,0,TS819494,56.5781,,S
733,1,1,"Synth0733, Mr. Passenger",male,32.3,0,0,TS377578,121.7817,,Q
734,0,2,"Synth0734, Mr. Passenger",male,31.3,0,1,TS617567,19.4121,,S
735,1,1,"Synth0735, Mr. Passenger",female,36.0,3,1,TS921258,71.3035,,S
736,0,3,"Synth0736, Miss. Passenger",male,17.1,2,0,TS518547,17.834,,C
737,0,1,"Synth0737, Miss. Passenger",male,,0,2,TS614496,72.3294,D81,C
738,0,2,"Synth0738, Miss. Passenger",male,34.5,0,3,TS354279,5.2843,,Q
739,0,2,"Synth0739, Mrs. Passenger",male,39.7,0,0,TS890778,4.3245,,C
740,0,2,"Synth0740, Mrs. Passenger",male,,0,0,TS075980,37.7862,,S
741,1,1,"Synth0741, Mr. Passenger",female,24.5,0,0,TS277077,155.3912,A16,Q
742,0,1,"Synth0742, Mrs. Passenger",male,0.4,0,0,TS990980,215.8292,,S
743,0,3,"Synth0743, Mr. Passenger",female,20.9,0,0,TS484640,12.8866,,S
744,1,1,"Synth0744, Mr. Passenger",female,,0,0,TS175598,44.0136,A36,S
745,0,3,"Synth0745, Master. Passenger",male,15.7,0,2,TS414328,10.5398,,C
746,0,3,"Synth0746, Miss. Passenger",male,,0,0,TS256052,13.0745,,S
747,0,2,"Synth0747, Mr. Passenger",female,28.3,0,1,TS525760,12.088,,C
748,0,2,"Synth0748, Miss. Passenger",male,0.4,0,0,TS236679,45.6051,,S
749,0,3,"Synth0749, Mr. Passenger",female,,0,0,TS399931,39.8332,C120,S
750,0,3,"Synth0750, Mr. Passenger",female,,0,1,TS908032,16.512,,S
751,0,2,"Synth0751, Mr. Passenger",male,,0,0,TS083285,19.8917,,S
752,1,2,"Synth0752, Mr. Passenger",male,12.3,0,0,TS763923,10.4672,E112,S
753,0,2,"Synth0753, Mrs. Passenger",male,29.4,1,0,TS079112,43.3345,C76,S
754,0,3,"Synth0754, Mr. Passenger",male,,2,0,TS457872,13.5056,,S
755,0,3,"Synth0755, Mr. Passenger",male,,0,0,TS668663,11.25,,S
756,0,1,"Synth0756, Dr. Passenger",male,30.6,0,0,TS955466,106.8476,,S
757,1,2,"Synth0757, Mr. Passenger",female,25.7,1,0,TS250832,14.9226,A33,S
758,1,3,"Synth0758, Mr. Passenger",female,9.0,0,0,TS053730,13.9906,D18,S
759,1,1,"Synth0759, Mr. Passenger",female,9.8,0,0,TS751097,40.8368,,S
760,0,3,"Synth0760, Mr. Passenger",male,21.4,0,0,TS893775,22.3873,,S
761,0,3,"Synth0761, Mr. Passenger",male,28.9,0,0,TS565491,12.3387,,S
762,1,1,"Synth0762, Mrs. Passenger",male,21.1,0,0,TS061366,149.9373,A65,S
763,0,1,"Synth0763, Miss. Passenger",male,37.1,0,0,TS501170,75.9632,,S
764,1,1,"Synth0764, Mr. Passenger",female,,0,0,TS391739,78.47,,S
765,0,3,"Synth0765, Mr. Passenger",male,,0,0,TS452029,7.0907,,S
766,1,1,"Synth0766, Mr. Passenger",male,25.4,0,0,TS054950,122.817,,S
767,1,1,"Synth0767, Miss. Passenger",female,,0,0,TS318034,54.2117,,S
768,0,1,"Synth0768, Mr. Passenger",male,33.2,0,2,TS998969,65.8649,B100,S
769,0,1,"Synth0769, Mr. Passenger",male,53.4,0,0,TS046749,84.044,E133,Q
770,0,3,"Synth0770, Dr. Passenger",male,20.3,0,0,TS914474,13.8123,,S
771,0,2,"Synth0771, Mrs. Passenger",male,28.0,0,0,TS518012,8.5223,,S
772,0,3,"Synth0772, Mr. Passenger",female,34.5,1,0,TS585213,11.5831,D123,C
773,0,3,"Synth0773, Mr. Passenger",male,28.7,0,0,TS933582,19.3475,,S
774,0,3,"Synth0774, Mr. Passenger",female,22.5,0,0,TS218626,10.7594,,S
775,1,1,"Synth0775, Dr. Passenger",female,8.9,0,0,TS984420,75.0722,,C
776,1,3,"Synth0776, Mr. Passenger",female,22.4,1,0,TS277500,14.0997,,S
777,0,3,"Synth0777, Mr. Passenger",male,15.0,1,0,TS349739,12.2065,,C
778,1,1,"Synth0778, Mr. Passenger",male,6.6,1,1,TS450093,50.1771,E81,S
779,0,3,"Synth0779, Mr. Passenger",female,,0,0,TS601934,12.7659,,S
780,0,3,"Synth0780, Mr. Passenger",male,15.4,0,2,TS323457,21.37,,S
781,0,2,"Synth0781, Miss. Passenger",male,36.6,0,0,TS793313,11.8242,,S
782,1,3,"Synth0782, Mr. Passenger",female,,0,1,TS022292,10.7802,E119,Q
783,0,3,"Synth0783, Miss. Passenger",male,17.2,0,0,TS666936,6.5152,,S
784,1,3,"Synth0784, Miss. Passenger",female,25.6,0,0,TS656599,20.8143,,S
785,1,3,"Synth0785, Mr. Passenger",female,,0,0,TS535018,12.4133,,S
786,1,2,"Synth0786, Mrs. Passenger",female,22.6,1,0,TS613813,13.0741,C139,S
787,0,3,"Synth0787, Miss. Passenger",male,,0,0,TS747934,13.6138,E9,S
788,0,2,"Synth0788, Mrs. Passenger",female,39.7,0,0,TS904405,10.9565,,C
789,1,3,"Synth0789, Mr. Passenger",male,,0,0,TS219163,7.7539,,S
790,1,3,"Synth0790, Mr. Passenger",female,42.7,1,0,TS477376,6.2644,,C
791,1,1,"Synth0791, Mr. Passenger",female,,2,2,TS562626,49.2755,B8,S
792,0,2,"Synth0792, Mrs. Passenger",female,12.8,0,0,TS345363,39.425,B80,S
793,0,2,"Synth0793, Mr. Passenger",male,,2,0,TS973884,13.8623,E90,S
794,0,1,"Synth0794, Mr. Passenger",male,50.7,1,0,TS512005,106.052,,S
795,0,1,"Synth0795, Mr. Passenger",male,35.4,1,0,TS593056,55.2941,,S
796,0,2,"Synth0796, Mr. Passenger",male,28.5,1,2,TS195500,29.2389,,S
797,1,1,"Synth0797, Miss. Passenger",male,0.5,0,0,TS416375,50.2885,D108,C
798,0,1,"Synth0798, Miss. Passenger",male,2.7,1,0,TS625914,85.6638,,C
799,1,3,"Synth0799, Miss. Passenger",male,30.7,0,0,TS428916,13.3481,,C
800,0,3,"Synth0800, Mr. Passenger",female,24.3,1,0,TS770262,41.6313,,Q
801,1,3,"Synth0801, Mr. Passenger",female,,0,0,TS137586,17.8172,,C
802,0,2,"Synth0802, Miss. Passenger",male,29.9,1,3,TS154308,14.869,B74,S
803,1,3,"Synth0803, Mr. Passenger",female,30.5,2,0,TS339650,18.3105,,S
804,1,3,"Synth0804, Mrs. Passenger",female,41.3,0,0,TS319064,37.8654,,C
805,0,1,"Synth0805, Mrs. Passenger",male,30.8,4,0,TS815637,37.1885,,Q
806,1,1,"Synth0806, Mr. Passenger",male,45.0,0,0,TS867932,55.1235,,Q
807,1,3,"Synth0807, Mr. Passenger",female,29.1,0,4,TS472485,11.5479,,C
808,1,1,"Synth0808, Mrs. Passenger",female,27.5,0,0,TS506025,68.1883,,S
809,0,3,"Synth0809, Mr. Passenger",female,42.8,1,0,TS295075,11.0074,,Q
810,0,3,"Synth0810, Miss. Passenger",female,,0,0,TS532304,6.7722,,Q
811,1,1,"Synth0811, Mr. Passenger",female,65.6,0,0,TS706761,169.4902,,S
812,1,1,"Synth0812, Mr. Passenger",male,,0,0,TS722685,41.2443,B64,C
813,0,3,"Synth0813, Mrs. Passenger",male,34.0,0,0,TS968998,11.7616,C57,S
814,0,3,"Synth0814, Mr. Passenger",male,35.8,0,1,TS578314,21.9302,,Q
815,1,1,"Synth0815, Mr. Passenger",female,53.4,1,0,TS340977,82.7418,,S
816,0,3,"Synth0816, Master. Passenger",male,,0,0,TS070510,7.9666,,C
817,0,3,"Synth0817, Mrs. Passenger",male,8.1,1,0,TS688225,6.6234,,S
818,0,3,"Synth0818, Mrs. Passenger",female,47.2,0,0,TS804156,11.5878,,S
819,0,3,"Synth0819, Miss. Passenger",male,24.6,5,0,TS552854,8.9034,,S
820,1,2,"Synth0820, Mr. Passenger",female,30.4,0,0,TS922912,22.1613,,S
821,0,1,"Synth0821, Mr. Passenger",male,12.4,0,0,TS317593,41.6829,B26,S
822,0,3,"Synth0822, Mr. Passenger",female,35.8,0,1,TS054223,19.5205,,Q
823,1,2,"Synth0823, Mr. Passenger",female,,0,0,TS633512,21.1895,,S
824,0,3,"Synth0824, Mr. Passenger",male,30.3,0,0,TS122128,14.2944,A115,C
825,0,3,"Synth0825, Mr. Passenger",female,,1,0,TS085031,26.722,,S
826,1,1,"Synth0826, Miss. Passenger",male,54.0,0,0,TS702272,67.4859,,S
827,0,3,"Synth0827, Mr. Passenger",male,,0,0,TS434963,9.0435,,C
828,1,1,"Synth0828, Mrs. Passenger",female,29.6,0,1,TS604868,63.8754,,S
829,0,3,"Synth0829, Miss. Passenger",female,29.8,5,0,TS747965,11.8069,,S
830,0,2,"Synth0830, Dr. Passenger",male,24.1,0,0,TS383134,19.1107,,C
831,0,3,"Synth0831, Mr. Passenger",male,,0,3,TS611468,8.5814,F121,C
832,0,3,"Synth0832, Miss. Passenger",female,,0,0,TS539708,4.7275,B138,S
833,0,2,"Synth0833, Miss. Passenger",male,23.5,0,0,TS580439,15.1087,D135,Q
834,0,3,"Synth0834, Mr. Passenger",male,41.7,0,0,TS703634,15.5625,,S
835,0,3,"Synth0835, Mr. Passenger",male,,0,0,TS381001,13.9165,,S
836,0,3,"Synth0836, Mr. Passenger",male,28.5,0,0,TS504971,23.6823,B103,S
837,0,3,"Synth0837, Mrs. Passenger",female,8.4,0,0,TS591552,34.5599,A66,S
838,0,3,"Synth0838, Mr. Passenger",male,38.2,0,0,TS141047,19.0034,,S
839,0,2,"Synth0839, Mr. Passenger",male,54.2,0,0,TS212372,39.9246,A57,C
840,0,3,"Synth0840, Miss. Passenger",female,,2,0,TS090346,19.0742,B69,S
841,1,1,"Synth0841, Mr. Passenger",male,,0,1,TS198825,197.5055,,S
842,0,3,"Synth0842, Mr. Passenger",female,18.0,0,0,TS439419,32.7983,,S
843,0,3,"Synth0843, Miss. Passenger",male,,0,0,TS937681,20.9164,,S
844,1,2,"Synth0844, Master. Passenger",female,16.7,0,0,TS922960,28.472,C62,S
845,1,1,"Synth0845, Miss. Passenger",female,26.0,1,0,TS763087,75.8078,,Q
846,1,3,"Synth0846, Mr. Passenger",female,39.0,0,0,TS558220,12.7341,,S
847,0,2,"Synth0847, Mr. Passenger",male,30.3,0,0,TS203322,16.8916,,S
848,0,3,"Synth0848, Mr. Passenger",male,10.6,0,0,TS358861,17.7356,F102,S
849,1,1,"Synth0849, Mr. Passenger",female,11.9,0,0,TS766512,58.5946,A76,S
850,0,3,"Synth0850, Mr. Passenger",male,11.0,2,0,TS908796,11.8153,,C
851,0,1,"Synth0851, Miss. Passenger",male,35.4,0,0,TS962540,25.8738,,Q
852,0,1,"Synth0852, Mrs. Passenger",male,55.8,0,0,TS389243,198.8124,,S
853,1,3,"Synth0853, Mr. Passenger",female,46.7,1,0,TS487142,11.6431,,S
854,1,3,"Synth0854, Mr. Passenger",female,,1,0,TS509636,16.3257,,S
855,0,1,"Synth0855, Mr. Passenger",male,47.5,0,0,TS057192,174.114,,S
856,1,3,"Synth0856, Mr. Passenger",female,41.2,0,0,TS117382,15.1061,E141,S
857,0,3,"Synth0857, Mrs. Passenger",male,8.9,0,0,TS046174,26.7657,,S
858,0,3,"Synth0858, Mr. Passenger",male,,1,0,TS737662,6.9872,,C
859,0,2,"Synth0859, Miss. Passenger",male,43.2,1,0,TS225123,66.3153,,S
860,0,3,"Synth0860, Mr. Passenger",male,36.2,0,0,TS700601,22.3875,A61,S
861,0,3,"Synth0861, Mr. Passenger",male,12.0,1,0,TS375900,14.4335,,S
862,0,3,"Synth0862, Dr. Passenger",female,36.9,0,2,TS794448,26.5091,,C
863,1,3,"Synth0863, Mr. Passenger",female,,0,0,TS116414,7.2473,,S
864,0,3,"Synth0864, Mr. Passenger",male,26.1,0,1,TS325865,11.2531,,S
865,0,1,"Synth0865, Mrs. Passenger",male,43.8,1,0,TS205613,172.9395,,C
866,0,3,"Synth0866, Mr. Passenger",male,29.2,0,0,TS436616,5.1111,,S
867,0,3,"Synth0867, Mr. Passenger",female,22.5,0,0,TS562420,17.2046,,Q
868,0,3,"Synth0868, Mr. Passenger",female,40.6,0,0,TS169173,16.963,,S
869,0,1,"Synth0869, Mr. Passenger",female,41.7,1,0,TS667329,224.8491,,S
870,0,1,"Synth0870, Mr. Passenger",male,,1,1,TS964539,38.0667,,Q
871,0,3,"Synth0871, Mr. Passenger",male,40.4,0,0,TS044243,29.0717,,S
872,0,1,"Synth0872, Miss. Passenger",male,,0,0,TS086991,63.5026,,S
873,0,3,"Synth0873, Miss. Passenger",male,38.5,2,0,TS952261,10.3962,,S
874,0,2,"Synth0874, Mr. Passenger",male,32.5,1,0,TS649363,10.8561,D134,C
875,0,3,"Synth0875, Mr. Passenger",male,30.2,0,1,TS919722,7.546,F28,C
876,1,3,"Synth0876, Mr. Passenger",female,25.9,0,0,TS705551,15.9062,,S
877,1,2,"Synth0877, Mr. Passenger",male,13.2,1,0,TS717605,11.4681,,Q
878,0,2,"Synth0878, Mr. Passenger",male,,2,2,TS158578,28.9588,E77,S
879,0,3,"Synth0879, Miss. Passenger",female,,0,2,TS512318,9.3322,F31,S
880,0,3,"Synth0880, Mr. Passenger",male,,0,0,TS365957,7.0882,,S
881,1,2,"Synth0881, Mr. Passenger",female,47.7,0,0,TS833791,15.3609,,S
882,0,3,"Synth0882, Mrs. Passenger",male,28.5,1,1,TS044083,15.3836,,C
883,1,3,"Synth0883, Miss. Passenger",female,42.0,0,0,TS019149,11.3166,D123,S
884,0,3,"Synth0884, Mr. Passenger",male,43.0,0,0,TS557051,13.2243,,S
885,0,1,"Synth0885, Mr. Passenger",male,26.0,0,0,TS970471,118.9758,,S
886,1,2,"Synth0886, Master. Passenger",female,36.7,1,2,TS994942,34.3617,,C
887,0,2,"Synth0887, Mr. Passenger",male,,1,2,TS593950,17.1275,,Q
888,0,1,"Synth0888, Mrs. Passenger",male,46.2,2,0,TS430454,49.8344,,S
889,0,1,"Synth0889, Mrs. Passenger",male,37.3,0,0,TS273649,87.2575,,S
890,0,3,"Synth0890, Mr. Passenger",male,13.5,1,0,TS990017,16.4492,E111,
891,1,2,"Synth0891, Mr. Passenger",female,31.1,1,0,TS184050,9.6347,B38,S
